pdb,res,num,phi,psi,-10,-9,-8,-7,-6,-5,-4,-3,-2,-1,0,1,2,3,4,5,6,7,8,9,10,phi_pred,psi_pred,phi_diff,psi_diff
6L4P,GLN,1674,-55.194,-41.439,LYS,ASN,LEU,LYS,ALA,LEU,LYS,LYS,PRO,PRO,GLN,ILE,ILE,THR,ARG,ILE,PHE,ASP,CYS,VAL,LEU,-69.37,-37.36,14.176,4.079
1ZL0,LEU,188,-78.322,124.794,GLY,GLY,HIS,LYS,GLN,ARG,VAL,GLU,GLY,ALA,LEU,ILE,GLY,GLY,ASN,LEU,THR,ALA,LEU,ALA,CYS,-98.45,124.11,20.128,0.684
3U9W,LEU,1282,-78.313,-12.594,ASN,PRO,CYS,LEU,THR,PHE,VAL,THR,PRO,THR,LEU,LEU,ALA,GLY,ASP,LYS,SER,LEU,SER,ASN,VAL,-62.01,-37.34,16.303,24.746
5J1G,GLN,1053,-74.814,-28.571,ALA,ARG,GLU,CYS,ALA,GLN,ARG,ILE,ALA,GLU,GLN,GLN,LYS,ALA,GLN,ALA,GLU,VAL,GLU,GLY,LEU,-65.45,-39.82,9.364,11.249
8CRU,PRO,34,-61.001,137.917,PHE,SER,VAL,ALA,SER,PHE,THR,VAL,SER,ARG,PRO,SER,GLY,TYR,GLY,ALA,GLY,THR,VAL,TYR,TYR,-61.89,141.4,0.889,3.483
1UXX,GLU,96,-135.493,155.781,VAL,ALA,SER,THR,GLY,GLY,TRP,ASN,ASN,TYR,GLU,GLU,LYS,SER,CYS,SER,ILE,THR,ASN,THR,THR,-105.09,145.84,30.403,9.941
3IBX,LEU,100,-62.896,-45.015,ILE,ARG,GLU,LEU,GLN,ILE,THR,GLN,LYS,GLU,LEU,GLN,ASN,ALA,CYS,PRO,THR,LEU,ALA,ASN,LYS,-64.87,-41.1,1.974,3.915
5ZDQ,ILE,259,-61.957,-33.58,LEU,SER,LYS,ASN,ALA,THR,PHE,ARG,ASP,LEU,ILE,ASN,VAL,ILE,ARG,ALA,ASP,GLU,ALA,GLU,HIS,-61.24,-41.25,0.717,7.67
6VW7,SER,150,-67.214,-20.571,PRO,ALA,GLU,ILE,VAL,GLN,GLU,VAL,THR,ASP,SER,GLY,LEU,ARG,GLY,ARG,GLY,GLY,ALA,ALA,PHE,-80.67,-4.09,13.456,16.481
6THA,SER,95,-67.201,-44.251,LEU,PHE,VAL,ASN,ARG,PHE,GLY,ARG,ARG,ASN,SER,MET,LEU,MET,MET,ASN,LEU,LEU,ALA,PHE,VAL,-65.38,-40.82,1.821,3.431
6JC4,ALA,192,-59.466,-42.1,CYS,ASP,HIS,TYR,ALA,ALA,GLU,MET,PRO,ARG,ALA,LEU,ALA,ALA,PRO,ASP,GLY,ASP,EEE,EEE,EEE,-69.05,-24.87,9.584,17.23
7MP4,HIS,104,-73.098,158.828,GLY,ALA,SER,LEU,PRO,VAL,VAL,VAL,PHE,ILE,HIS,GLY,GLY,ALA,PHE,MET,TYR,GLY,ALA,GLY,SER,-76.07,139.56,2.972,19.268
6J3P,THR,777,-62.2,-37.25,GLU,VAL,ILE,ARG,PHE,PRO,ILE,ASP,LEU,LYS,THR,MET,THR,GLU,ARG,LEU,ARG,SER,ARG,TYR,TYR,-67.69,-42.82,5.49,5.57
3R31,VAL,155,-116.271,129.919,TYR,THR,LYS,ARG,VAL,PRO,LEU,GLY,VAL,CYS,VAL,GLY,ILE,GLY,ALA,TRP,ASN,TYR,PRO,GLN,GLN,-109.99,117.98,6.281,11.939
4YGV,CYS,23,-134.459,115.818,VAL,THR,PRO,GLY,GLN,PRO,ALA,SER,ILE,SER,CYS,ARG,SER,SER,GLN,SER,ILE,VAL,HIS,SER,ASP,-138.45,116.86,3.991,1.042
5IQN,PHE,115,-118.03,98.139,GLN,VAL,ASP,ASP,SER,SER,GLN,SER,ALA,HIS,PHE,PRO,LEU,GLN,VAL,ARG,ALA,LEU,THR,VAL,ASN,-78.61,132.33,39.42,34.191
4UXD,ALA,112,-64.889,-42.586,PRO,PRO,TYR,TYR,ILE,LYS,LEU,ASN,GLN,GLU,ALA,ILE,TYR,HIS,TYR,TYR,LYS,GLU,ILE,LEU,SER,-64.92,-42.17,0.031,0.416
6JMB,GLU,368,-72.549,-5.488,ASN,LEU,ARG,GLY,ILE,MET,LEU,TRP,SER,ILE,GLU,THR,ASP,ASP,PHE,HIS,GLY,LEU,CYS,GLY,GLU,-81.24,130.25,8.691,135.738
7XCE,ASN,356,-65.183,-43.657,LEU,HIS,MET,ALA,THR,GLN,GLY,ASP,HIS,LEU,ASN,CYS,VAL,GLN,LEU,LEU,LEU,GLN,HIS,ASN,VAL,-64.13,-37.47,1.053,6.187
1JX6,THR,153,-81.934,125.444,PHE,VAL,GLU,HIS,VAL,LEU,ASP,SER,THR,ASN,THR,LYS,LEU,ILE,LEU,GLN,ASN,ILE,THR,THR,PRO,-78.41,133.54,3.524,8.096
4I42,ASP,277,-121.003,101.025,ARG,ASN,ALA,PHE,ASN,GLN,LYS,ARG,GLN,PRO,ASP,PHE,SER,LYS,PHE,LYS,ARG,ASN,EEE,EEE,EEE,-91.28,114.86,29.723,13.835
1X0U,LYS,310,-47.377,-45.629,VAL,ASP,ASN,GLY,GLU,PHE,LEU,GLU,VAL,HIS,LYS,HIS,TRP,ALA,GLN,ASN,ILE,ILE,VAL,GLY,PHE,-63.71,-40.05,16.333,5.579
3IGH,LYS,207,-60.321,-43.789,LEU,THR,VAL,GLU,ASP,TYR,VAL,TYR,TYR,ILE,LYS,ARG,ALA,GLN,GLU,HIS,LEU,LEU,ASP,LEU,GLY,-63.19,-41.23,2.869,2.559
4QBG,VAL,140,-89.32,-53.663,CYS,SER,VAL,CYS,GLY,THR,THR,TYR,HIS,LEU,VAL,PHE,ASN,PRO,PRO,LYS,THR,PRO,GLY,ILE,CYS,-110.93,120.86,21.61,174.523
6QXU,ARG,1149,-163.479,160.909,GLY,GLY,ILE,PHE,ASN,ARG,TYR,ASN,VAL,ILE,ARG,ILE,GLN,LYS,VAL,VAL,ASN,LYS,LYS,LEU,ARG,-67.87,-35.88,95.609,163.211
7T84,GLY,111,97.315,152.272,VAL,SER,ASP,PRO,ARG,VAL,TYR,TRP,GLY,GLN,GLY,THR,GLN,VAL,THR,VAL,SER,EEE,EEE,EEE,EEE,96.64,159.42,0.675,7.148
1TV8,ARG,23,-69.717,153.803,ILE,ARG,ASP,LEU,ARG,LEU,SER,VAL,THR,ASP,ARG,CYS,ASN,PHE,ARG,CYS,ASP,TYR,CYS,MET,PRO,-73.76,-10.04,4.043,163.843
4FBC,VAL,262,-111.406,151.334,ASN,THR,LEU,GLY,ILE,LEU,LEU,PHE,VAL,GLU,VAL,PRO,GLY,GLY,LEU,THR,VAL,ALA,LYS,ALA,LEU,-103.68,126.49,7.726,24.844
2V90,ILE,317,-65.705,-46.109,GLY,LEU,GLY,HIS,GLU,GLU,THR,VAL,SER,ARG,ILE,GLN,GLY,GLN,GLY,SER,CYS,VAL,SER,LEU,THR,-78.83,121.45,13.125,167.559
7O9O,THR,22,-125.319,136.689,EEE,EEE,EEE,EEE,EEE,ARG,GLY,SER,ASP,GLN,THR,VAL,ARG,SER,VAL,ALA,GLY,ASP,GLN,ARG,VAL,-71.68,142.69,53.639,6.001
7K1R,PRO,35,-73.602,166.044,TYR,ILE,ALA,THR,SER,THR,PHE,GLU,TRP,PHE,PRO,GLY,VAL,ARG,ILE,TYR,HIS,SER,ARG,ASP,LEU,-62.86,120.04,10.742,46.004
4ZMI,ALA,253,-56.427,-46.371,HIS,LEU,THR,LEU,ARG,SER,ILE,VAL,LEU,ASP,ALA,LEU,LEU,SER,ALA,ASP,GLU,GLU,ASP,SER,PHE,-65.19,-41.05,8.763,5.321
7MPX,VAL,75,-114.88,127.134,ARG,ARG,ILE,GLY,GLU,VAL,VAL,THR,SER,ARG,VAL,ILE,ALA,ARG,PRO,HIS,EEE,EEE,EEE,EEE,EEE,-106.57,137.53,8.31,10.396
2A1K,GLU,75,-144.723,158.649,GLY,PHE,LYS,LYS,ASN,GLY,LYS,TRP,TYR,ILE,GLU,THR,CYS,SER,SER,THR,HIS,GLY,ASP,TYR,ASP,-111.04,130.25,33.683,28.399
6LY5,TRP,153,-71.417,-40.685,ILE,LEU,SER,CYS,VAL,LEU,LEU,PHE,ALA,GLY,TRP,LEU,HIS,LEU,GLN,PRO,LYS,PHE,ARG,PRO,SER,-63.84,-38.29,7.577,2.395
2JE8,VAL,839,-130.54,130.972,PHE,ASP,LEU,LEU,PRO,GLY,GLU,ARG,LYS,LYS,VAL,ILE,ILE,THR,SER,PRO,ARG,ILE,LYS,LYS,GLY,-119.77,130.75,10.77,0.222
4IM7,ALA,251,-109.507,142.7,LEU,THR,GLY,VAL,ARG,ASP,ALA,ALA,GLY,VAL,ALA,CYS,GLU,PRO,PHE,ARG,GLN,TRP,VAL,ILE,GLU,-72.39,132.28,37.117,10.42
1TCW,ILE,75,-125.265,141.065,GLU,VAL,LEU,GLY,LYS,ARG,ILE,LYS,GLY,THR,ILE,MET,THR,GLY,ASP,THR,PRO,ILE,ASN,ILE,PHE,-113.24,124.11,12.025,16.955
2GMW,GLY,118,-49.842,142.316,GLY,ILE,TYR,TYR,CYS,PRO,HIS,HIS,PRO,GLN,GLY,SER,VAL,GLU,GLU,PHE,ARG,GLN,VAL,CYS,ASP,83.13,-178.05,132.972,39.634
1QS1,ALA,298,-61.938,-40.961,ALA,LYS,ASP,LEU,THR,ASP,SER,GLN,ARG,GLU,ALA,LEU,ASP,GLY,TYR,ALA,ARG,GLN,ASP,TYR,LYS,-64.08,-42.96,2.142,1.999
2YQU,SER,162,-143.2,29.96,GLU,ARG,VAL,VAL,THR,SER,THR,GLU,ALA,LEU,SER,PHE,PRO,GLU,VAL,PRO,LYS,ARG,LEU,ILE,VAL,-86.82,0.82,56.38,29.14
7V4O,GLN,50,-125.79,146.555,VAL,PHE,GLU,GLY,THR,ARG,GLN,LEU,ALA,LEU,GLN,HIS,ARG,PRO,GLU,ALA,THR,ASP,PRO,TRP,TYR,-90.68,-18.82,35.11,165.375
7C79,GLY,47,-95.571,-129.657,TRP,LEU,ASN,ASN,ALA,LEU,LYS,ARG,SER,TYR,GLY,ILE,PHE,GLY,GLU,GLY,VAL,GLU,TYR,SER,PHE,69.12,151.83,164.691,78.513
4ZEJ,SER,165,-69.965,132.369,PHE,GLY,GLY,CYS,PHE,VAL,ARG,SER,LEU,ASP,SER,GLU,GLY,LEU,GLY,TYR,THR,GLY,GLU,ALA,HIS,-64.68,-17.84,5.285,150.209
6X42,VAL,785,-121.038,131.009,SER,GLU,GLY,GLU,LYS,LYS,SER,TYR,TRP,ILE,VAL,ARG,ASN,SER,TRP,GLY,PRO,TYR,TRP,GLY,ASP,-113.85,129.34,7.188,1.669
1CDC,VAL,80,-122.429,129.598,ARG,ASP,ASP,SER,GLY,THR,TYR,ASN,VAL,THR,VAL,TYR,SER,THR,ASN,GLY,THR,ARG,ILE,LEU,ASP,-114.48,129.17,7.949,0.428
7B62,ILE,105,-118.269,143.369,THR,GLU,LYS,SER,ASN,ILE,ILE,ARG,GLY,TRP,ILE,PHE,GLY,THR,THR,LEU,ASP,SER,LYS,THR,GLN,-112.0,122.37,6.269,20.999
3NVW,PHE,775,-68.81,-39.941,SER,THR,GLN,ASN,ALA,MET,LYS,THR,GLN,SER,PHE,VAL,ALA,LYS,MET,LEU,GLY,VAL,PRO,VAL,ASN,-66.18,-45.49,2.63,5.549
5YMR,HIS,683,-62.986,-17.577,ASN,ASP,VAL,ARG,TYR,VAL,PRO,PHE,THR,SER,HIS,VAL,PRO,PHE,GLY,ARG,VAL,VAL,SER,ALA,THR,-100.96,-4.74,37.974,12.837
2J6L,SER,461,-88.021,7.934,CYS,GLY,ILE,VAL,ASN,VAL,ASN,ILE,PRO,THR,SER,GLY,ALA,GLU,ILE,GLY,GLY,ALA,PHE,GLY,GLY,-76.97,80.77,11.051,72.836
2VK8,THR,418,-69.361,-25.047,SER,GLN,VAL,LEU,TRP,GLY,SER,ILE,GLY,PHE,THR,THR,GLY,ALA,THR,LEU,GLY,ALA,ALA,PHE,ALA,-81.23,-47.25,11.869,22.203
5EDL,ILE,154,-64.774,-42.146,TYR,LEU,LEU,ILE,MET,LEU,VAL,ILE,ARG,LEU,ILE,SER,GLY,ALA,LEU,LEU,ALA,GLY,LEU,LEU,GLY,-66.2,-45.66,1.426,3.514
4FLB,LEU,77,-67.411,-34.707,ARG,ARG,SER,ALA,TYR,PRO,HIS,ARG,LEU,ASN,LEU,PHE,TYR,LEU,ALA,ASN,ASP,VAL,ILE,GLN,ASN,-114.41,124.94,46.999,159.647
6BZN,LEU,215,-59.983,-34.092,VAL,LYS,SER,TYR,GLU,ASP,ALA,LEU,ALA,PRO,LEU,SER,ARG,THR,ARG,SER,PRO,ILE,GLU,LEU,PHE,-66.75,-38.14,6.767,4.048
5OAV,TRP,119,-108.783,146.331,GLN,ILE,VAL,ASN,ASN,THR,GLU,GLY,ASP,TRP,TRP,LEU,ALA,HIS,SER,LEU,THR,THR,GLY,ARG,THR,-122.9,137.8,14.117,8.531
6WY6,ARG,28,-124.244,157.599,SER,GLU,ARG,ILE,ALA,ASP,ARG,PHE,PRO,ASN,ARG,ILE,PRO,VAL,ILE,CYS,GLU,LYS,ALA,GLU,LYS,-91.24,143.75,33.004,13.849
2PPT,ALA,7,-64.22,130.952,EEE,EEE,EEE,EEE,MET,MET,GLY,ALA,LYS,MET,ALA,GLU,SER,LEU,ARG,LEU,THR,CYS,LEU,ALA,CYS,-62.73,-40.14,1.49,171.092
5UBP,ASN,57,-78.476,59.105,THR,PHE,VAL,GLU,GLN,HIS,PRO,ALA,MET,PRO,ASN,ASP,THR,ARG,PHE,LYS,ILE,MET,CYS,THR,SER,-62.14,14.46,16.336,44.645
7BR2,GLU,408,-66.305,-32.511,ARG,ASP,LEU,TYR,SER,LYS,MET,MET,PHE,LYS,GLU,ILE,ARG,ASP,ALA,ARG,GLU,GLN,GLU,MET,ASP,-65.49,-39.92,0.815,7.409
6JTB,MET,90,-76.472,-43.22,VAL,LEU,THR,ASN,HIS,HIS,CYS,GLY,TYR,ASP,MET,ILE,GLN,ALA,HIS,SER,THR,LEU,GLU,HIS,ASN,-70.28,-29.04,6.192,14.18
2VM1,PRO,83,-79.612,159.479,VAL,ALA,GLU,ALA,TYR,ASN,VAL,GLU,ALA,MET,PRO,THR,PHE,LEU,PHE,ILE,LYS,ASP,GLY,GLU,LYS,-69.14,137.18,10.472,22.299
3WDM,ALA,92,-57.466,-49.774,ALA,LEU,VAL,PRO,LYS,GLU,THR,ILE,GLU,LEU,ALA,LYS,ALA,LEU,ASN,ALA,LYS,LEU,GLU,ILE,ASN,-60.86,-42.31,3.394,7.464
5IVN,GLU,98,-65.693,132.497,PRO,GLU,ASP,THR,ALA,ILE,TYR,TYR,CYS,ALA,GLU,ALA,ARG,GLY,CYS,LYS,ARG,GLY,ARG,TYR,GLU,-101.01,132.53,35.317,0.033
3ZSJ,ILE,231,-88.191,82.779,TYR,ASN,HIS,ARG,VAL,LYS,LYS,LEU,ASN,GLU,ILE,SER,LYS,LEU,GLY,ILE,SER,GLY,ASP,ILE,ASP,-66.99,-41.11,21.201,123.889
5A8C,ASN,271,-140.953,123.377,PRO,GLN,PRO,PRO,ASP,ASN,TYR,SER,ASN,ASN,ASN,HIS,HIS,ALA,ILE,VAL,GLU,TYR,LYS,GLY,ASN,-83.17,64.64,57.783,58.737
5H6I,VAL,214,-68.018,-43.375,LYS,LYS,VAL,LEU,ASN,VAL,LYS,GLU,PHE,LYS,VAL,TYR,ASN,THR,LEU,ASN,LYS,ALA,ILE,THR,HIS,-108.07,129.58,40.052,172.955
5DMU,GLU,216,-65.376,-44.454,THR,VAL,ARG,ALA,PHE,ALA,ARG,GLY,PHE,GLY,GLU,LYS,LEU,THR,LYS,LYS,TYR,PRO,ASP,ARG,PHE,-65.09,-41.83,0.286,2.624
7O71,VAL,54,-142.29,149.638,LEU,LEU,PHE,LEU,ASN,ASN,GLN,THR,TYR,THR,VAL,MET,GLY,GLU,LEU,LEU,ILE,PHE,ASN,SER,PHE,-68.79,-27.48,73.5,177.118
7E1Q,HIS,-1,-70.033,129.816,EEE,EEE,EEE,EEE,EEE,EEE,EEE,EEE,EEE,HIS,HIS,HIS,MET,VAL,SER,THR,LEU,LYS,PRO,LEU,LYS,-108.29,130.38,38.257,0.564
1T6C,LYS,83,-130.6,124.582,LEU,ILE,ASP,GLU,PHE,LYS,VAL,GLU,ARG,VAL,LYS,ALA,VAL,ALA,THR,GLU,ALA,ILE,ARG,ARG,ALA,-64.32,-40.35,66.28,164.932
1O9I,LEU,60,-71.139,-35.182,THR,GLY,ALA,GLU,LYS,TYR,LYS,ASP,LEU,LEU,LEU,ASP,THR,GLY,THR,GLU,GLU,MET,ALA,HIS,VAL,-72.04,-35.29,0.901,0.108
6PO0,ILE,204,-136.859,82.501,GLN,VAL,SER,PHE,LEU,PHE,SER,ASP,ARG,GLY,ILE,PRO,ASP,GLY,HIS,ARG,HIS,MET,ASP,GLY,TYR,-109.37,114.52,27.489,32.019
6ZE6,ASP,386,-61.376,-35.332,THR,TYR,ASN,ALA,GLU,GLN,ARG,ALA,LEU,TYR,ASP,SER,SER,LYS,GLN,GLY,ALA,TYR,THR,ILE,VAL,-73.91,-32.29,12.534,3.042
7S0Z,ILE,201,-95.043,162.55,LYS,ALA,GLN,LYS,GLU,GLU,ASN,PRO,ASP,LEU,ILE,ILE,ASP,ASP,ILE,VAL,LYS,THR,TYR,LEU,SER,-98.8,131.0,3.757,31.55
6L55,SER,93,-78.076,163.097,ILE,GLN,LYS,PRO,ASP,LEU,ASP,GLU,TRP,GLY,SER,PRO,LEU,GLU,ALA,MET,GLN,THR,THR,LEU,ALA,-85.39,148.6,7.314,14.497
4UPI,ASP,251,-89.241,-7.758,ALA,PRO,TYR,HIS,ASP,MET,PHE,GLY,PRO,ASP,ASP,VAL,LYS,PRO,ALA,VAL,ARG,SER,ASP,GLU,GLU,-89.09,-0.71,0.151,7.048
1C8U,SER,251,-118.846,100.703,LEU,ASN,GLU,TRP,LEU,LEU,TYR,SER,VAL,GLU,SER,THR,SER,ALA,SER,SER,ALA,ARG,GLY,PHE,VAL,-77.74,129.12,41.106,28.417
7PCS,ARG,55,-82.42,106.149,THR,VAL,ASP,GLU,PHE,SER,ALA,ARG,GLY,HIS,ARG,VAL,LEU,GLY,ALA,VAL,ALA,ASP,ILE,GLY,ASN,-97.71,-25.09,15.29,131.239
6BWR,VAL,375,-107.18,105.602,ALA,THR,PRO,TYR,GLY,ASP,VAL,GLN,VAL,LYS,VAL,ALA,THR,TYR,GLN,ASP,ILE,GLU,LYS,LYS,MET,-77.16,127.73,30.02,22.128
2E55,LEU,47,-99.432,131.495,MET,LEU,VAL,TYR,GLU,ALA,LEU,LYS,ASP,ILE,LEU,LEU,GLU,GLU,LYS,GLU,VAL,ARG,THR,TRP,ILE,-68.25,-37.88,31.182,169.375
2Z0M,SER,129,-91.103,-11.795,LEU,TRP,SER,LYS,GLY,VAL,ILE,ASP,LEU,SER,SER,PHE,GLU,ILE,VAL,ILE,ILE,ASP,GLU,ALA,ASP,-101.67,-8.73,10.567,3.065
4EM6,ALA,503,-64.624,-11.748,PHE,VAL,GLU,ALA,GLN,ILE,PHE,GLY,ILE,ASN,ALA,PHE,ASP,GLN,TRP,GLY,VAL,GLU,LEU,GLY,LYS,-67.38,19.38,2.756,31.128
7VB7,LYS,95,-75.988,-10.954,THR,PHE,LEU,ASP,LEU,ASN,VAL,GLU,LEU,SER,LYS,PHE,ARG,MET,PRO,GLN,PRO,SER,SER,GLY,ARG,-73.01,11.97,2.978,22.924
6CI8,PRO,177,-66.714,-17.471,PHE,LEU,ARG,THR,ALA,ALA,MET,GLU,LEU,ALA,PRO,LYS,LYS,ILE,THR,ILE,ASN,ALA,VAL,LEU,PRO,-62.09,69.06,4.624,86.531
4WL2,PRO,296,-67.946,108.873,LEU,GLN,TYR,PHE,PHE,GLU,SER,ALA,VAL,SER,PRO,ASN,ILE,PHE,TRP,VAL,ASP,LEU,LYS,LYS,ILE,-65.31,-20.36,2.636,129.233
4HVT,LYS,195,-65.888,-14.102,GLY,LYS,PHE,THR,TYR,PRO,THR,TRP,ILE,ASN,LYS,ASP,THR,ILE,ILE,PHE,ASN,LEU,VAL,LEU,HIS,-68.28,-22.58,2.392,8.478
1MYR,GLY,15,-76.961,-6.074,THR,CYS,GLN,GLU,ASN,ASN,PRO,PHE,THR,CYS,GLY,ASN,THR,ASP,GLY,LEU,ASN,SER,SER,SER,PHE,162.4,179.75,120.639,174.176
5LLT,ASP,183,-71.111,-47.524,LYS,PHE,LEU,THR,LYS,GLU,ASN,ASP,ILE,ASN,ASP,ILE,LYS,LYS,TYR,ILE,HIS,PRO,LEU,THR,ILE,-66.09,-38.31,5.021,9.214
5HM4,ASN,40,-139.934,135.112,TYR,GLY,GLY,SER,LEU,TRP,SER,PRO,PRO,SER,ASN,TRP,ASN,PRO,PHE,THR,PRO,TRP,ASN,ALA,VAL,-80.88,32.24,59.054,102.872
5ZIG,TYR,374,-117.117,158.239,VAL,THR,PRO,GLU,GLY,SER,PRO,LEU,ALA,GLY,TYR,GLU,LYS,GLY,GLY,MET,TRP,LYS,ALA,SER,TYR,-116.9,126.57,0.217,31.669
7BYS,ASN,79,-101.43,103.176,VAL,SER,CYS,TYR,THR,SER,SER,ASP,LEU,VAL,ASN,TRP,SER,ARG,GLN,ASN,ASP,ALA,LEU,SER,PRO,-100.25,19.32,1.18,83.856
5UJU,GLY,70,136.403,124.174,LEU,ASP,GLN,PRO,ALA,SER,GLY,GLU,THR,VAL,GLY,ALA,GLU,ARG,SER,PRO,TYR,GLY,VAL,ALA,LEU,158.0,31.83,21.597,92.344
2QT6,ASN,251,-113.214,13.879,ALA,GLN,ARG,TYR,SER,PHE,VAL,LEU,ASN,ALA,ASN,GLN,ASP,VAL,ASP,ASN,TYR,TRP,ILE,ARG,ALA,-80.23,23.62,32.984,9.741
1ZCZ,VAL,358,-131.517,136.413,ARG,VAL,VAL,GLU,GLY,ALA,LYS,SER,ASN,ALA,VAL,LEU,ILE,ALA,LYS,ASP,GLY,VAL,THR,VAL,GLY,-120.69,125.99,10.827,10.423
3B4W,TRP,17,-68.047,118.258,GLU,TYR,ASP,LYS,LEU,PHE,ILE,GLY,GLY,LYS,TRP,THR,LYS,PRO,SER,THR,SER,ASP,VAL,ILE,GLU,-84.89,130.31,16.843,12.052
7FJ8,SER,13,-129.497,28.535,TYR,LYS,ILE,MET,ALA,ILE,ASN,ALA,GLY,SER,SER,SER,LEU,LYS,PHE,GLN,LEU,LEU,ASN,MET,PRO,-79.88,-7.56,49.617,36.095
4C1W,ARG,136,-149.387,138.492,ASP,VAL,GLU,THR,ASN,ALA,SER,ASN,GLY,GLN,ARG,VAL,ASP,LEU,SER,SER,GLU,LEU,ASP,LYS,LEU,-91.12,129.68,58.267,8.812
5OUO,GLN,1027,-72.34,-10.522,GLY,TYR,VAL,MET,GLU,ALA,HIS,THR,ASN,MET,GLN,PHE,VAL,ARG,ASP,LYS,PHE,LEU,GLN,CYS,PRO,-66.48,-37.44,5.86,26.918
2C91,LEU,273,-63.195,137.953,ALA,LEU,ARG,TRP,MET,TYR,HIS,HIS,SER,GLN,LEU,GLN,GLY,THR,ARG,GLY,ASP,ALA,VAL,ILE,LEU,-89.63,119.2,26.435,18.753
5XS2,ALA,113,-66.605,-37.033,ASP,LEU,TRP,HIS,ILE,ILE,LYS,PHE,HIS,ARG,ALA,SER,LYS,ALA,ASN,LYS,LYS,PRO,VAL,GLN,LEU,-67.49,-26.98,0.885,10.053
6SZU,ASP,71,-86.985,175.724,SER,ARG,ILE,ARG,GLU,MET,ILE,PRO,GLU,LYS,ASP,GLU,ASP,GLY,ASN,THR,LEU,TRP,THR,ASN,THR,-80.2,-172.64,6.785,11.636
5MMQ,THR,22,-94.331,140.641,EEE,EEE,EEE,EEE,EEE,PRO,GLU,THR,ARG,PRO,THR,TYR,THR,THR,HIS,HIS,LEU,ALA,ILE,PRO,SER,-92.75,143.18,1.581,2.539
2B5U,GLN,332,-69.646,-24.586,ASN,TYR,GLU,ARG,ALA,ARG,ALA,GLU,LEU,ASN,GLN,ALA,ASN,GLU,ASP,VAL,ALA,ARG,ASN,GLN,GLU,-64.36,-41.9,5.286,17.314
7T7N,PRO,85,-58.353,143.869,TYR,ASP,LEU,GLN,HIS,ASN,ARG,PRO,LEU,LYS,PRO,LEU,VAL,GLY,GLN,GLY,PRO,ASP,ILE,ASP,ASP,-63.4,141.14,5.047,2.729
6ZK9,LYS,65,-69.152,-45.293,LEU,SER,ILE,VAL,LYS,ALA,GLU,PRO,ASP,VAL,LYS,LYS,LEU,GLU,GLU,GLN,LEU,GLN,GLY,GLY,GLN,-61.93,-40.88,7.222,4.413
6QN8,LEU,45,-99.707,149.254,GLY,TRP,TYR,GLN,GLN,VAL,PRO,GLY,SER,GLY,LEU,ARG,THR,ILE,ILE,TYR,GLY,ASN,THR,LYS,ARG,-98.01,130.18,1.697,19.074
4U3S,GLU,135,-61.697,-35.502,GLY,GLY,THR,GLN,ASP,GLY,ALA,ILE,ASN,LEU,GLU,ASP,ILE,LEU,GLU,ILE,CYS,LYS,ALA,PHE,GLY,-61.71,-41.45,0.013,5.948
4DJD,ASN,111,55.031,42.544,LYS,LEU,ASP,GLY,ALA,ASP,PRO,GLU,GLY,ALA,ASN,HIS,SER,VAL,ASP,GLN,CYS,VAL,ALA,THR,VAL,-88.95,0.88,143.981,41.664
6OH6,THR,194,-69.665,-43.913,ARG,PRO,HIS,THR,VAL,PHE,ILE,LYS,THR,ILE,THR,ALA,ALA,GLY,GLU,ILE,LEU,LEU,GLY,TYR,GLU,-68.13,-48.95,1.535,5.037
3HZZ,GLU,65,-74.276,125.888,SER,ILE,HIS,LEU,ASP,GLU,VAL,PRO,VAL,PRO,GLU,LEU,GLY,PRO,GLY,GLU,ALA,LEU,VAL,ALA,VAL,-75.52,118.95,1.244,6.938
2E3Z,TYR,357,-112.486,-5.154,ARG,TRP,LEU,LEU,ASN,TYR,LEU,TRP,LYS,ALA,TYR,ASP,LYS,PRO,VAL,TYR,VAL,THR,GLU,ASN,GLY,-97.73,84.73,14.756,89.884
7US3,LEU,76,-55.564,-46.036,PHE,ALA,ASP,PRO,LYS,ASN,ASN,TYR,SER,PHE,LEU,ASN,TYR,LEU,LYS,LEU,HIS,ASN,ARG,LEU,TYR,-63.3,-38.61,7.736,7.426
6XMY,LYS,187,-74.21,-47.659,LYS,VAL,ILE,GLN,GLN,LEU,HIS,HIS,SER,LEU,LYS,HIS,ASP,PHE,GLY,ILE,GLN,SER,PRO,LYS,ILE,-69.19,-32.02,5.02,15.639
2PWY,ASP,11,-93.441,179.711,EEE,EEE,EEE,EEE,GLY,PRO,LEU,LEU,LEU,LYS,ASP,ARG,LYS,GLY,ARG,ALA,TYR,LEU,VAL,PHE,PRO,-83.63,146.0,9.811,33.711
4M73,GLN,102,-60.517,-43.951,HIS,HIS,ARG,SER,LEU,PHE,HIS,TRP,LEU,ASN,GLN,GLY,SER,GLY,GLU,LEU,PHE,ARG,ARG,MET,PRO,-74.62,-5.89,14.103,38.061
1F5Q,GLN,47,-83.621,-26.563,GLY,VAL,ASN,VAL,ASP,GLN,HIS,PHE,THR,SER,GLN,TYR,ARG,LYS,VAL,LEU,THR,THR,TRP,MET,PHE,-70.21,-38.34,13.411,11.777
1CFZ,THR,131,-71.705,155.311,PRO,GLU,SER,LEU,GLU,PRO,HIS,ILE,GLY,LEU,THR,PRO,THR,VAL,GLU,ALA,MET,ILE,GLU,PRO,ALA,-118.34,144.11,46.635,11.201
6XDK,ALA,89,-72.225,154.971,GLN,GLN,ALA,LEU,ILE,PRO,LEU,ASN,PHE,ALA,ALA,PRO,GLY,GLN,ARG,ALA,ASP,TYR,VAL,VAL,SER,-84.64,146.39,12.415,8.581
7OF0,ASP,59,-68.426,137.04,GLU,ARG,LEU,LEU,PRO,ALA,THR,ARG,ILE,PRO,ASP,PRO,PRO,LYS,HIS,GLU,HIS,TYR,PRO,THR,PRO,-81.13,114.85,12.704,22.19
4EX8,GLN,216,-67.429,-30.725,THR,ALA,ALA,ARG,ALA,ALA,GLU,ALA,HIS,TRP,GLN,VAL,ASN,GLY,PRO,GLY,THR,VAL,LEU,LEU,THR,-108.96,119.7,41.531,150.425
3LLT,ILE,608,-58.285,-45.889,ASP,ILE,LEU,LYS,LYS,ILE,GLN,ASN,ASP,ASP,ILE,ASN,ASN,ASN,ASN,ILE,VAL,LYS,TYR,HIS,GLY,-74.5,-4.57,16.215,41.319
6NVW,LYS,228,-67.005,-17.407,GLU,TYR,GLU,TRP,LYS,GLY,PHE,ILE,PRO,PHE,LYS,GLU,ASN,PRO,HIS,VAL,ILE,ASN,PRO,LYS,ASN,-77.63,130.24,10.625,147.647
6MSO,ASN,158,-114.532,122.475,PHE,GLN,LYS,ARG,ASN,PHE,ARG,TYR,SER,GLN,ASN,VAL,PRO,LEU,SER,MET,TYR,ASP,GLU,LYS,ASN,-87.19,81.28,27.342,41.195
3QZB,GLU,75,-99.322,139.682,ASP,PRO,TYR,VAL,TYR,GLU,VAL,GLY,ARG,TYR,GLU,PHE,ASN,ALA,HIS,GLY,GLU,SER,VAL,GLN,GLY,-119.92,129.44,20.598,10.242
3STH,ILE,304,-154.604,134.194,PHE,SER,SER,VAL,PHE,ASP,ILE,ASN,ALA,GLY,ILE,MET,LEU,ASN,ASP,THR,PHE,VAL,LYS,LEU,VAL,-103.88,126.12,50.724,8.074
4G5H,GLU,261,-107.623,152.805,ILE,GLY,THR,ARG,HIS,GLY,GLU,LYS,LYS,ALA,GLU,THR,LEU,LEU,THR,ARG,GLU,GLU,TYR,ALA,GLN,-64.19,-40.55,43.433,166.645
3AIU,ALA,230,-66.577,-40.781,GLU,GLY,ASP,SER,LEU,ARG,GLU,PRO,TYR,THR,ALA,GLY,HIS,HIS,ILE,LEU,LEU,ALA,HIS,ALA,GLU,-64.66,-38.84,1.917,1.941
4CAG,GLN,567,-117.827,152.964,GLY,ILE,ALA,TRP,GLN,ASN,VAL,GLY,TYR,ASN,GLN,PRO,PRO,HIS,THR,GLY,PHE,TYR,LEU,GLY,GLU,-97.58,131.13,20.247,21.834
6EFU,CYS,342,-160.515,76.575,PRO,GLU,THR,GLU,SER,SER,TRP,LEU,ARG,PRO,CYS,PRO,ALA,GLY,PHE,ARG,ASP,PHE,LEU,VAL,TRP,-122.09,147.05,38.425,70.475
5MRI,SER,356,-100.888,-41.814,SER,ASP,ASP,ARG,GLY,ILE,VAL,TYR,SER,LYS,SER,LEU,ASP,ARG,HIS,LEU,TYR,THR,THR,THR,GLY,-68.28,140.5,32.608,177.686
4F3J,SER,163,-61.61,160.727,PHE,ALA,VAL,HIS,ALA,THR,VAL,TYR,ARG,ALA,SER,LEU,GLN,PHE,ASP,LEU,VAL,LYS,ASN,GLY,GLU,-71.73,149.73,10.12,10.997
6SLF,VAL,150,-63.665,-44.596,GLU,GLU,GLY,GLY,GLY,GLY,ALA,ARG,HIS,MET,VAL,ASP,ASP,GLY,LEU,ALA,GLU,LYS,ILE,ALA,ALA,-70.02,124.86,6.355,169.456
1VKC,TYR,11,-108.198,14.404,EEE,GLU,TYR,THR,ILE,VAL,ASP,GLY,GLU,GLU,TYR,ILE,GLU,GLU,ILE,LYS,LYS,LEU,ASP,ARG,GLU,-66.92,-46.21,41.278,60.614
3A8Y,GLU,362,-55.997,-159.696,LEU,GLU,LYS,ARG,LYS,LEU,PHE,ALA,CYS,GLU,GLU,HIS,PRO,SER,HIS,LYS,ALA,VAL,TRP,ASN,VAL,-87.16,-18.9,31.163,140.796
1JH6,THR,128,-81.789,165.858,PRO,HIS,LEU,SER,LEU,LEU,TYR,ALA,GLU,LEU,THR,GLU,GLU,GLU,LYS,LYS,ASN,ALA,GLN,GLU,LYS,-78.57,161.49,3.219,4.368
4DEV,ASP,312,-64.067,-20.484,ILE,ILE,TRP,SER,TYR,GLY,MET,LEU,GLY,SER,ASP,LEU,ASN,LEU,VAL,ILE,THR,GLU,GLY,ILE,ASN,-79.15,-36.96,15.083,16.476
1JSD,GLY,128,-57.646,140.479,PRO,ASP,THR,ILE,TRP,ASN,VAL,SER,TYR,SER,GLY,THR,SER,SER,ALA,CYS,SER,ASP,SER,PHE,TYR,86.29,168.29,143.936,27.811
7MS7,CYS,202,-155.206,-177.079,ILE,PRO,PRO,CYS,GLY,TRP,LYS,CYS,SER,LYS,CYS,ASP,MET,ARG,GLU,ASN,LEU,TRP,LEU,ASN,LEU,-71.35,123.31,83.856,59.611
4XZF,ASP,162,-66.873,-38.265,GLY,LYS,GLU,GLU,ASN,ARG,LYS,ALA,VAL,SER,ASP,GLN,LEU,LYS,LYS,HIS,GLY,PHE,LYS,LEU,GLY,-62.95,-41.9,3.923,3.635
7OLT,HIS,173,-100.274,140.31,SER,PRO,PHE,THR,ALA,GLU,ASN,GLY,ALA,THR,HIS,VAL,ILE,LEU,GLY,SER,HIS,LYS,TRP,GLN,ASN,-117.87,135.77,17.596,4.54
4LHQ,THR,58,-123.519,139.311,VAL,ALA,ALA,ILE,ASN,TRP,SER,ALA,SER,SER,THR,TYR,TYR,ARG,ASP,SER,VAL,LYS,GLY,ARG,PHE,-119.12,140.26,4.399,0.949
6CII,PHE,62,-83.979,6.008,ARG,LYS,GLN,VAL,ALA,PHE,MET,THR,TYR,VAL,PHE,GLY,GLY,SER,GLY,ALA,TYR,GLU,GLY,ARG,ASP,-91.82,126.11,7.841,120.102
5UDI,THR,195,-87.769,147.112,ALA,TYR,ARG,LEU,ASP,GLY,PHE,LYS,LEU,ALA,THR,LYS,ASN,HIS,LYS,PRO,PHE,SER,LEU,LEU,PRO,-75.18,148.57,12.589,1.458
5XZ2,GLY,15,174.1,163.665,ILE,LYS,ASN,ALA,LYS,ILE,VAL,PHE,VAL,VAL,GLY,GLY,PRO,GLY,SER,GLY,LYS,GLY,THR,GLN,CYS,-176.28,169.75,9.62,6.085
3PFB,ILE,172,-61.699,-41.099,ASP,LEU,THR,LEU,GLY,GLY,PHE,TYR,LEU,ARG,ILE,ALA,GLN,GLN,LEU,PRO,ILE,TYR,GLU,VAL,SER,-67.75,-42.13,6.051,1.031
5LS7,THR,72,-116.36,18.688,ALA,LEU,ASP,SER,LEU,ARG,VAL,ARG,GLU,VAL,THR,ARG,ARG,ARG,GLY,VAL,GLY,GLN,TYR,LEU,LEU,-98.35,-40.51,18.01,59.198
7EHU,ARG,317,-72.257,160.929,SER,THR,VAL,LYS,ASP,ASN,VAL,GLY,TYR,PHE,ARG,PHE,PRO,ASN,ILE,GLY,GLY,LYS,GLY,ASP,ASN,-113.38,130.04,41.123,30.889
6PBM,SER,45,-61.696,-37.328,LEU,GLY,ALA,LEU,ASN,HIS,PRO,GLY,ARG,ARG,SER,GLN,ARG,ILE,ALA,GLU,ALA,LEU,ALA,ARG,GLY,-62.35,-41.28,0.654,3.952
6YIR,PHE,355,-121.447,135.652,THR,VAL,ALA,PHE,ASP,MET,ASN,LYS,GLY,HIS,PHE,PHE,ASP,SER,GLU,THR,GLU,VAL,ARG,ILE,ARG,-107.93,119.32,13.517,16.332
6JKU,ASN,69,-60.66,-36.061,GLN,LEU,ASN,GLY,CYS,GLY,GLY,VAL,MET,PHE,ASN,GLU,ASP,ILE,SER,VAL,LYS,THR,LEU,GLU,ILE,-95.58,129.82,34.92,165.881
6GU1,GLU,92,-62.364,-38.25,VAL,LYS,THR,VAL,LEU,GLY,VAL,SER,GLN,ALA,GLU,MET,ASN,ASN,VAL,ALA,LYS,GLN,LEU,GLN,ARG,-66.58,-41.41,4.216,3.16
6WPL,ALA,413,-76.381,132.625,PRO,LEU,VAL,TRP,ASP,PRO,ALA,THR,THR,LYS,ALA,EEE,EEE,EEE,EEE,EEE,EEE,EEE,EEE,EEE,EEE,-71.14,8.84,5.241,123.785
1NH1,ASP,156,-56.17,123.665,ASP,GLU,ILE,MET,GLN,ASP,ASN,LEU,PHE,GLY,ASP,LEU,ASN,VAL,LYS,VAL,TYR,ARG,GLN,THR,ALA,-77.22,97.56,21.05,26.105
5OGZ,SER,366,-55.829,-45.413,ASN,GLY,ALA,ALA,PHE,LYS,ASP,GLU,ILE,GLY,SER,ASN,GLY,LYS,ILE,GLU,ASP,THR,LYS,ARG,ILE,-77.75,139.19,21.921,175.397
1AC5,PRO,451,-62.82,-17.505,VAL,SER,VAL,TYR,ASN,ALA,SER,HIS,MET,VAL,PRO,PHE,ASP,LYS,SER,LEU,VAL,SER,ARG,GLY,ILE,-70.03,136.45,7.21,153.955
4AFX,LEU,278,-101.654,131.735,LYS,LEU,PRO,TYR,GLN,GLY,ASN,ALA,THR,MET,LEU,VAL,VAL,LEU,MET,GLU,LYS,MET,GLY,ASP,HIS,-65.13,-41.13,36.524,172.865
1IYE,HIS,30,-102.575,-24.395,ALA,LYS,VAL,HIS,VAL,MET,SER,HIS,ALA,LEU,HIS,TYR,GLY,THR,SER,VAL,PHE,GLU,GLY,ILE,ARG,-68.62,-36.94,33.955,12.545
2E85,ASP,104,-83.804,-23.606,LEU,ASN,TYR,LEU,ILE,ASP,GLN,LEU,LYS,GLU,ASP,ILE,GLY,GLU,VAL,ILE,PHE,LEU,GLY,ILE,GLN,-73.78,-24.55,10.024,0.944
1H6D,ALA,126,-55.239,-41.322,SER,GLY,ASN,ALA,GLU,LYS,ALA,LYS,ILE,VAL,ALA,ALA,GLU,TYR,GLY,VAL,ASP,PRO,ARG,LYS,ILE,-62.95,-41.31,7.711,0.012
3X0D,PHE,416,-62.263,-34.702,ILE,ASP,GLY,ASN,GLU,ARG,PHE,ARG,ASP,ILE,PHE,PHE,LYS,TYR,ILE,HIS,TYR,TYR,LYS,LEU,THR,-62.98,-43.59,0.717,8.888
5FNO,PRO,308,-53.595,-40.72,ALA,ALA,LEU,ARG,THR,MET,SER,ALA,ARG,HIS,PRO,VAL,LEU,ALA,LEU,MET,GLU,ARG,LEU,MET,TYR,-59.48,-34.99,5.885,5.73
4BVQ,ILE,153,-60.434,-32.716,ARG,ALA,MET,ARG,ASP,ALA,GLY,ILE,ALA,SER,ILE,ASP,ASP,LEU,HIS,PHE,VAL,GLN,VAL,LYS,CYS,-72.52,127.78,12.086,160.496
2P7S,LYS,42,-77.002,154.735,ASP,PRO,ALA,TYR,THR,PRO,ASP,GLY,GLN,CYS,LYS,PRO,ILE,ASN,THR,PHE,ILE,HIS,SER,THR,THR,-72.07,144.47,4.932,10.265
1JWQ,ALA,113,-54.077,-53.363,ALA,PHE,ALA,ASN,VAL,MET,HIS,LYS,TYR,PHE,ALA,PRO,ALA,THR,GLY,LEU,THR,ASP,ARG,GLY,ILE,-86.81,126.81,32.733,179.827
3HHD,THR,245,-106.505,135.655,LYS,LYS,SER,LEU,ALA,ARG,ARG,VAL,TYR,ALA,THR,ILE,LEU,ASN,ALA,GLY,THR,ASN,THR,ASP,GLY,-101.49,125.79,5.015,9.865
5CSR,LYS,108,-63.538,-34.708,THR,ILE,ILE,ASN,THR,LEU,LYS,LYS,ALA,SER,LYS,LEU,ASP,PHE,THR,ILE,VAL,LEU,CYS,VAL,GLU,-91.26,-1.93,27.722,32.778
1N67,LYS,541,-156.912,166.943,ASN,GLY,SER,GLY,SER,GLY,ASP,GLY,ILE,ASP,LYS,PRO,VAL,VAL,PRO,GLU,GLN,PRO,ASP,GLU,PRO,-117.27,139.34,39.642,27.603
3TOL,LEU,10,-64.007,-48.105,EEE,ALA,ASP,LEU,GLU,ASP,ASN,MET,GLU,THR,LEU,ASN,ASP,ASN,LEU,LYS,VAL,ILE,GLU,LYS,ALA,-61.09,-43.41,2.917,4.695
2PP3,LEU,50,-67.793,-20.097,LEU,ALA,THR,PRO,VAL,SER,ASP,ALA,LYS,VAL,LEU,THR,GLY,ARG,GLN,LYS,PRO,LEU,THR,GLU,VAL,-87.45,124.6,19.657,144.697
1VCT,ILE,84,-69.953,-40.331,GLU,ALA,GLU,GLN,VAL,ILE,THR,ILE,LEU,GLN,ILE,ALA,ASN,ALA,ILE,GLU,ASP,ILE,SER,ASN,ALA,-65.11,-44.43,4.843,4.099
3SDE,ARG,150,-139.598,154.713,THR,ILE,LEU,LYS,SER,ARG,PRO,LEU,ARG,ILE,ARG,PHE,ALA,THR,HIS,GLY,ALA,ALA,LEU,THR,VAL,-120.28,131.64,19.318,23.073
5VT3,MET,66,-74.885,-29.599,ASP,PRO,GLU,GLY,LEU,THR,GLY,PRO,GLY,LEU,MET,ASP,ARG,MET,LYS,GLU,HIS,ALA,GLU,ARG,PHE,-62.84,-42.15,12.045,12.551
4R3U,THR,532,-66.62,-35.563,LYS,ASP,GLU,SER,GLN,ASN,LEU,MET,PRO,LEU,THR,ILE,GLU,LEU,VAL,LYS,ALA,GLY,ALA,THR,MET,-91.41,-44.98,24.79,9.417
7XPL,ARG,160,-74.233,-40.564,ILE,ASP,LYS,THR,ILE,ASN,LEU,PHE,SER,GLU,ARG,LEU,ARG,GLU,TRP,TYR,SER,ILE,HIS,PHE,PRO,-63.46,-41.24,10.773,0.676
7AX7,GLN,756,-92.95,3.351,LEU,PRO,GLN,ILE,ILE,GLU,GLY,LEU,LYS,ASN,GLN,GLY,TYR,THR,PHE,VAL,THR,VAL,SER,GLU,LEU,-91.52,3.07,1.43,0.281
6NMT,SER,154,-129.885,153.91,LYS,VAL,ASP,ASN,ALA,LEU,GLN,SER,GLY,ASN,SER,GLN,GLU,SER,VAL,THR,GLU,GLN,ASP,SER,LYS,-134.29,152.32,4.405,1.59
4R97,GLU,217,-85.093,131.903,ALA,SER,SER,THR,THR,VAL,ASP,LYS,LYS,LEU,GLU,EEE,EEE,EEE,EEE,EEE,EEE,EEE,EEE,EEE,EEE,-111.2,131.66,26.107,0.243
7MPZ,TRP,114,-68.563,-45.25,ALA,GLU,TYR,LEU,GLY,VAL,GLY,THR,GLU,ARG,TRP,GLN,GLN,PHE,GLU,THR,PHE,VAL,LEU,THR,ASN,-62.92,-37.9,5.643,7.35
3WNZ,ASN,139,-69.801,-37.724,VAL,GLN,ALA,ALA,GLU,ASN,ALA,ARG,ASP,LYS,ASN,LYS,MET,ARG,ASP,ALA,PHE,ASN,LYS,ALA,GLY,-64.24,-40.97,5.561,3.246
1V7P,ARG,92,-79.698,173.289,ALA,ARG,PHE,ASP,TYR,LYS,ALA,TRP,LYS,ARG,ARG,PRO,TYR,CYS,THR,VAL,MET,VAL,VAL,LYS,PRO,-92.99,139.58,13.292,33.709
4JZ6,ASN,417,-54.252,-48.177,LEU,SER,SER,GLY,VAL,PHE,GLY,ARG,ASP,ILE,ASN,ARG,ALA,LEU,ARG,VAL,GLY,MET,SER,ILE,GLU,-62.79,-39.41,8.538,8.767
2A1I,GLY,124,-157.084,167.39,LYS,PHE,VAL,ARG,ASN,VAL,PRO,TRP,GLU,PHE,GLY,ASP,VAL,ILE,PRO,ASP,TYR,VAL,LEU,GLY,GLN,-62.52,-138.56,94.564,54.05
4B6X,ILE,219,-64.974,-38.48,PHE,ALA,VAL,LEU,ARG,ASN,GLU,ASP,ARG,ARG,ILE,ASN,EEE,EEE,EEE,EEE,EEE,EEE,EEE,EEE,EEE,-81.13,117.12,16.156,155.6
5L6G,ASP,403,-74.889,120.707,PRO,PRO,GLY,ALA,GLY,SER,TYR,ALA,PHE,ARG,ASP,PRO,GLU,ARG,HIS,LEU,PHE,LEU,TYR,GLU,LEU,-93.81,120.37,18.921,0.337
5EKZ,VAL,185,-141.653,119.208,GLY,ALA,ARG,HIS,PHE,PHE,ASP,LYS,LYS,GLY,VAL,VAL,VAL,VAL,GLY,VAL,GLU,ASP,ARG,GLU,LYS,-110.51,132.19,31.143,12.982
5ZIQ,GLU,147,-58.703,-26.984,THR,VAL,PRO,GLY,PHE,GLN,GLU,SER,TYR,PHE,GLU,ARG,MET,GLU,LYS,CYS,LEU,VAL,PHE,ALA,LEU,-64.33,-40.15,5.627,13.166
2VOZ,TYR,148,-58.229,-37.589,ASP,ARG,VAL,ASN,PRO,ALA,ASP,LEU,SER,THR,TYR,GLU,ALA,LEU,ALA,ASP,PRO,GLN,TRP,ARG,GLY,-62.0,-27.97,3.771,9.619
7DKZ,LEU,154,-59.102,-36.645,TYR,TRP,ALA,ASP,ASN,TYR,THR,LEU,PHE,VAL,LEU,GLU,MET,ALA,LEU,MET,GLY,PHE,ALA,GLU,HIS,-65.32,-42.87,6.218,6.225
4MKF,ASN,164,-69.168,152.789,GLY,GLY,GLU,LEU,TYR,GLN,ARG,ALA,ASP,ASP,ASN,GLU,GLU,THR,VAL,SER,LYS,ARG,LEU,GLU,VAL,-85.75,145.52,16.582,7.269
7BIZ,LYS,159,-93.553,151.24,GLY,PHE,LYS,ILE,GLU,TRP,VAL,ARG,GLU,GLY,LYS,ILE,VAL,SER,THR,GLU,ASN,THR,TYR,THR,PHE,-113.93,137.79,20.377,13.45
3FDD,GLU,404,-63.7,-40.902,THR,LEU,PHE,SER,LEU,PHE,ALA,LEU,MET,ASP,GLU,SER,ASP,GLN,TYR,LYS,HIS,THR,LEU,LYS,GLN,-67.74,-24.68,4.04,16.222
3KCI,LYS,4301,-89.364,-1.335,ARG,PRO,ARG,LEU,VAL,ALA,ALA,LEU,GLN,GLY,LYS,LYS,VAL,ASN,ARG,VAL,ALA,CYS,GLY,SER,ALA,-94.99,135.53,5.626,136.865
6JOX,LEU,150,-80.826,-39.227,GLU,GLU,VAL,VAL,PHE,ALA,GLN,MET,LYS,ALA,LEU,VAL,PRO,ASN,ILE,SER,ASP,TRP,SER,ARG,VAL,-79.88,-38.19,0.946,1.037
4ATM,VAL,203,-59.117,-48.179,SER,LEU,TRP,SER,ARG,ARG,VAL,GLY,PHE,TYR,VAL,ASN,THR,PHE,LYS,ASN,VAL,SER,SER,LEU,GLU,-89.03,120.71,29.913,168.889
4X5S,ILE,121,-104.369,126.256,HIS,LYS,ASP,LYS,ASP,GLY,ASN,ILE,ALA,VAL,ILE,GLY,VAL,PHE,PHE,LYS,GLU,GLY,LYS,ALA,ASN,-111.8,132.01,7.431,5.754
6A6O,ASN,106,-99.18,10.586,TYR,PHE,SER,LYS,LYS,LEU,ASN,ILE,ASP,PRO,ASN,ARG,ILE,GLY,VAL,LEU,GLY,PHE,SER,ALA,GLY,-89.54,-3.7,9.64,14.286
7VRG,SER,57,-131.223,149.479,LEU,VAL,THR,LYS,ARG,ASP,SER,ALA,ASP,VAL,SER,VAL,THR,TRP,ASN,VAL,TRP,SER,GLY,ASP,PRO,-123.65,131.66,7.573,17.819
4LGJ,LEU,244,-65.853,-45.265,ALA,HIS,LEU,ARG,LEU,ARG,ASN,LEU,ASN,ALA,LEU,ARG,GLN,ALA,ALA,MET,ARG,HIS,GLU,GLU,ASN,-65.12,-43.18,0.733,2.085
5TR7,VAL,43,-146.424,142.897,ASP,ALA,PRO,GLN,ILE,ALA,ALA,LYS,GLY,TYR,VAL,LEU,MET,ASP,TYR,HIS,SER,GLY,LYS,VAL,LEU,-116.17,124.87,30.254,18.027